Workbook

Sheet POER AC 2.0 CD 4X4 TM DIESEL
A1: PLAN DE MANTENIMIENTO POER AC 2.0 CD 4X4 TM DIESEL
A2: GWM POER DIESEL | B2: 5.000 KM | C2: 10.000 KM | D2: 15.000 KM | E2: 20.000 KM | F2: 25.000 KM | G2: 30.000 KM | H2: 35.000 KM | I2: 40.000 KM | J2: 45.000 KM | K2: 50.000 KM | L2: 55.000 KM | M2: 60.000 KM | N2: 65.000 KM | O2: 70.000 KM | P2: 75.000 KM | Q2: 80.000 KM | R2: 85.000 KM | S2: 90.000 KM | T2: 95.000 KM | U2: 100.000 KM | V2: 105.000 KM | W2: 110.000 KM | X2: 115.000 KM | Y2: 120.000 KM | Z2: 125.000 KM | AA2: 130.000 KM | AB2: 135.000 KM | AC2: 140.000 KM | AD2: 145.000 KM | AE2: 150.000 KM | AF2: 155.000 KM | AG2: 160.000 KM | AH2: 165.000 KM | AI2: 170.000 KM | AJ2: 175.000 KM | AK2: 180.000 KM | AL2: 185.000 KM | AM2: 190.000 KM | AN2: 195.000 KM | AO2: 200.000 KM
A3: FILTRO DE ACEITE | B3: =11.84+2.5 -> 14.34 | C3: =11.84+2.5 -> 14.34 | D3: =11.84+2.5 -> 14.34 | E3: =11.84+2.5 -> 14.34 | F3: =11.84+2.5 -> 14.34 | G3: =11.84+2.5 -> 14.34 | H3: =11.84+2.5 -> 14.34 | I3: =11.84+2.5 -> 14.34 | ... AO3: =11.84+2.5 -> 14.34
A4: FILTRO DE COMBUSTIBLE | B4: =32.76+2.5 -> 35.26 | C4: =32.76+2.5 -> 35.26 | D4: =32.76+2.5 -> 35.26 | E4: =32.76+2.5 -> 35.26 | F4: =32.76+2.5 -> 35.26 | G4: =32.76+2.5 -> 35.26 | H4: =32.76+2.5 -> 35.26 | I4: =32.76+2.5 -> 35.26 | ... AO4: =32.76+2.5 -> 35.26
A5: FILTRO DE AIRE | C5: 20.99 | E5: 20.99 | G5: 20.99 | I5: 20.99 | K5: 20.99 | M5: 20.99 | O5: 20.99 | Q5: 20.99 | S5: 20.99 | U5: 20.99 | W5: 20.99 | Y5: 20.99 | AA5: 20.99 | AC5: 20.99 | AE5: 20.99 | AG5: 20.99 | AI5: 20.99 | AK5: 20.99 | AM5: 20.99 | AO5: 20.99
A6: PASTILLAS DE FRENO DEL | C6: 76.09 | E6: 76.09 | G6: 76.09 | I6: 76.09 | K6: 76.09 | M6: 76.09 | O6: 76.09 | Q6: 76.09 | S6: 76.09 | U6: 76.09 | W6: 76.09 | Y6: 76.09 | AA6: 76.09 | AC6: 76.09 | AE6: 76.09 | AG6: 76.09 | AI6: 76.09 | AK6: 76.09 | AM6: 76.09 | AO6: 76.09
A7: PASTILLAS DE FRENO POST | E7: 55.85 | I7: 55.85 | M7: 55.85 | Q7: 55.85 | U7: 55.85 | Y7: 55.85 | AC7: 55.85 | AG7: 55.85 | AK7: 55.85 | AO7: 55.85
A8: BANDA DE ACCESORIOS | Q8: 79.87 | AK8: 79.87
A9: FILTRO DE CABINA A/C | C9: 21.25 | E9: 21.25 | G9: 21.25 | I9: 21.25 | K9: 21.25 | M9: 21.25 | O9: 21.25 | Q9: 21.25 | S9: 21.25 | U9: 21.25 | W9: 21.25 | Y9: 21.25 | AA9: 21.25 | AC9: 21.25 | AE9: 21.25 | AG9: 21.25 | AI9: 21.25 | AK9: 21.25 | AM9: 21.25 | AO9: 21.25
A10: TERMOSTATO | K10: 12.71 | U10: 12.71 | AE10: 12.71 | AO10: 12.71
A11: BASE TERMOSTATO | K11: 11 | U11: 11 | AE11: 11 | AO11: 11
A12: TEMPLADOR BANDA DISTRIBUCION 4D20M | U12: 125.9 | AO12: 125.9
A13: RODAMIENTO BANDA DISTRIBUCION 4D20M | U13: 38 | AO13: 38
A14: BANDA DE DISTRIBUCION | U14: 88.84 | AO14: 88.84
A15: RODAMIENTO BANDA DISTRIBUCION | U15: 71.41 | AO15: 71.41
A16: ARANDELA DE TAPON DE CARTER | B16: 7.5 | C16: 7.5 | D16: 7.5 | E16: 7.5 | F16: 7.5 | G16: 7.5 | H16: 7.5 | I16: 7.5 | J16: 7.5 | K16: 7.5 | L16: 7.5 | M16: 7.5 | N16: 7.5 | O16: 7.5 | P16: 7.5 | Q16: 7.5 | R16: 7.5 | S16: 7.5 | T16: 7.5 | U16: 7.5 | V16: 7.5 | W16: 7.5 | X16: 7.5 | Y16: 7.5 | Z16: 7.5 | AA16: 7.5 | AB16: 7.5 | AC16: 7.5 | AD16: 7.5 | AE16: 7.5 | AF16: 7.5 | AG16: 7.5 | AH16: 7.5 | AI16: 7.5 | AJ16: 7.5 | AK16: 7.5 | AL16: 7.5 | AM16: 7.5 | AN16: 7.5 | AO16: 7.5
A17: TUBERIA ENTRADA RADIADOR POER | Z17: 25
A18: TUBERIA SALIDA RADIADOR POER | Z18: 71
A19: MANGUERA ENTRADA CALEFACTOR POER | Z19: 18
A20: MANGUERA SALIDA CALEFACTOR POER | Z20: 18
A21: BOMBA DE AGUA | Z21: 237.77
A22: EMPAQUE BOMBA DE AGUA | Z22: 5
A23: RODAMIENTO EJE DE ENTRADA | AD23: 48.62
A24: RODAMIENTO DE AGUJAS (H5-2.0TCI) | AD24: 6.95
A25: RODAMIENTO AGUJAS PIÑON 2DA | AD25: 9.65
A26: RODAMIENTO ENGRANAJE 1ERA | AD26: 13.37
A27: RODAM. CONTRA EJE DEL /31RUKSS2NRC3 | AD27: 53.36
A28: RODAMIENTO DE AGUJAS | AD28: 11.39
A29: RODAMIENTO AGUJAS PIÑON 4TA | AD29: 8.9
A30: RODAM. DE AGUJAS PIÑON DE REVERSA | AD30: 6.68
A31: RODAMIENTO | AD31: 32.61
A32: RODAMIENTO | AD32: 28.28
A33: ANILLO EXTERIOR COJINETE ESTAMPADO | AD33: 34.9
A34: ANILLO EXTERIOR COJINETE ESTAMPADO | AD34: 34.9
... A43: RODAMIENTO VOLANTE | AD43: 10
A44: EMPAQUE TAPA CABEZOTE 4D20M | AJ44: 52.5
A45: RETENEDOR ARBOL LEVAS MOT, 4D20 | AJ45: 8.12
A46: VALVULA DE ESCAPE 4D20M (8) | AJ46: 85.6
A47: VALVULA DE ADMISIÓN 4D20M (8) | AJ47: 76.08
A48: SELLO DE VALVULAS 4D20 - H6D (16) | AJ48: 48
A49: PERNO CABEZOTE 4D20M (10) | AJ49: 75
A50: EMPAQUE MULTIPLE DE ESCAPE 4D20M | AJ50: 8.69
A51: EMPAQUE MULTIPLE ADMISION POER | AJ51: 8.5
A52: EMPAQUE TURBO 4D20M | AJ52: 6
A53: EMPAQUE SALIDA VÁLVULA EGR | AJ53: 5
A54: PROPULSOR HIDRAULICO MOTOR 4D20 (16) | AJ54: 144
A55: TOTAL REPUESTOS | B55: =SUM(B3:B54) -> 57.1 | C55: =SUM(C3:C54) -> 175.43 | D55: =SUM(D3:D54) -> 57.1 | E55: =SUM(E3:E54) -> 231.28 | F55: =SUM(F3:F54) -> 57.1 | G55: =SUM(G3:G54) -> 175.43 | H55: =SUM(H3:H54) -> 57.1 | I55: =SUM(I3:I54) -> 231.28 | ... AO55: =SUM(AO3:AO54) -> 579.14 | AP55: =SUM(B55:AO55) -> 8178.91
A56: ACEITE MOTOR(6l) | B56: 46.2 | C56: 46.2 | D56: 46.2 | E56: 46.2 | F56: 46.2 | G56: 46.2 | H56: 46.2 | I56: 46.2 | J56: 46.2 | K56: 46.2 | L56: 46.2 | M56: 46.2 | N56: 46.2 | O56: 46.2 | P56: 46.2 | Q56: 46.2 | R56: 46.2 | S56: 46.2 | T56: 46.2 | U56: 46.2 | V56: 46.2 | W56: 46.2 | X56: 46.2 | Y56: 46.2 | Z56: 46.2 | AA56: 46.2 | AB56: 46.2 | AC56: 46.2 | AD56: 46.2 | AE56: 46.2 | AF56: 46.2 | AG56: 46.2 | AH56: 46.2 | AI56: 46.2 | AJ56: 46.2 | AK56: 46.2 | AL56: 46.2 | AM56: 46.2 | AN56: 46.2 | AO56: 46.2
A57: LIQUIDO INYECTORES | E57: 7.71 | I57: 7.71 | M57: 7.71 | Q57: 7.71 | U57: 7.71 | Y57: 7.71 | AC57: 7.71 | AG57: 7.71 | AK57: 7.71 | AO57: 7.71
A58: LIMPIADOR DE FRENOS | C58: 6.16 | E58: 6.16 | G58: 6.16 | I58: 6.16 | K58: 6.16 | M58: 6.16 | O58: 6.16 | Q58: 6.16 | S58: 6.16 | U58: 6.16 | W58: 6.16 | Y58: 6.16 | AA58: 6.16 | AC58: 6.16 | AE58: 6.16 | AG58: 6.16 | AI58: 6.16 | AK58: 6.16 | AM58: 6.16 | AO58: 6.16
A59: LIMPIADOR DE ADMISION | C59: 6.62 | E59: 6.62 | G59: 6.62 | I59: 6.62 | K59: 6.62 | M59: 6.62 | O59: 6.62 | Q59: 6.62 | S59: 6.62 | U59: 6.62 | W59: 6.62 | Y59: 6.62 | AA59: 6.62 | AC59: 6.62 | AE59: 6.62 | AG59: 6.62 | AI59: 6.62 | AK59: 6.62 | AM59: 6.62 | AO59: 6.62
A60: REFRIGERANTE(8l) | K60: 35.44 | U60: 35.44 | Z60: 35.44 | AE60: 35.44 | AO60: 35.44
A61: ACEITE DE CAJA 75W80(3l) | B61: 28.23 | K61: 28.23 | U61: 28.23 | AD61: 28.23 | AO61: 28.23
A62: ACEITE DE TRANSMISION 80W90 DEL (3l) | B62: 26.61 | K62: 26.61 | U62: 26.61 | AE62: 26.61 | AO62: 26.61
A63: ACEITE DE TRANSMISION 80W90 POST(3l) | B63: 26.61 | K63: 26.61 | U63: 26.61 | AE63: 26.61 | AO63: 26.61
A64: ACEITE CAJA DE TRANSFERENCIA(2l) | K64: 17.42 | U64: 17.42 | AE64: 17.42 | AO64: 17.42
A65: ACEITE DIRECCION HIDRAULICA(1L) | K65: 8.71 | U65: 8.71 | AE65: 8.71 | AO65: 8.71
A66: LIQUIDO DE FRENOS(2) | E66: 15 | I66: 15 | M66: 15 | Q66: 15 | U66: 15 | Y66: 15 | AC66: 15 | AG66: 15 | AK66: 15 | AO66: 15
A67: TOTAL LUBRICANTES | B67: =SUM(B56:B66) -> 127.65 | C67: =SUM(C56:C66) -> 58.98 | D67: =SUM(D56:D66) -> 46.2 | E67: =SUM(E56:E66) -> 81.69 | F67: =SUM(F56:F66) -> 46.2 | G67: =SUM(G56:G66) -> 58.98 | H67: =SUM(H56:H66) -> 46.2 | I67: =SUM(I56:I66) -> 81.69 | ... AO67: =SUM(AO56:AO66) -> 224.71 | AP67: =SUM(B67:AO67) -> 3019.67
A68: MANO DE OBRA | B68: 20.79 | C68: 137.28 | D68: 15.18 | E68: 146.19 | F68: 15.18 | G68: 157.08 | H68: 15.18 | I68: 181.5 | J68: 15.18 | K68: 150.81 | L68: 15.18 | M68: 163.35 | N68: 15.18 | O68: 128.04 | P68: 15.18 | Q68: 147.51 | R68: 15.18 | S68: 161.04 | T68: 15.18 | U68: 289.74 | V68: 15.18 | W68: 137.28 | X68: 15.18 | Y68: 163.35 | Z68: 15.18 | AA68: 157.08 | AB68: 15.18 | AC68: 181.5 | AD68: 15.18 | AE68: 150.81 | AF68: 15.18 | AG68: 163.35 | AH68: 15.18 | AI68: 128.04 | AJ68: 15.18 | AK68: 147.51 | AL68: 15.18 | AM68: 161.04 | AN68: 15.18 | AO68: 289.74
A69: ALINEACION | C69: 17.16 | E69: 17.16 | G69: 17.16 | I69: 17.16 | K69: 17.16 | M69: 17.16 | O69: 17.16 | Q69: 17.16 | S69: 17.16 | U69: 17.16 | W69: 17.16 | Y69: 17.16 | AA69: 17.16 | AC69: 17.16 | AE69: 17.16 | AG69: 17.16 | AI69: 17.16 | AK69: 17.16 | AM69: 17.16 | AO69: 17.16
A70: BALANCEO | C70: 15.84 | E70: 15.84 | G70: 15.84 | I70: 15.84 | K70: 15.84 | M70: 15.84 | O70: 15.84 | Q70: 15.84 | S70: 15.84 | U70: 15.84 | W70: 15.84 | Y70: 15.84 | AA70: 15.84 | AC70: 15.84 | AE70: 15.84 | AG70: 15.84 | AI70: 15.84 | AK70: 15.84 | AM70: 15.84 | AO70: 15.84
A71: LIMPIEZA DE INYECTORES | E71: 16.5 | I71: 16.5 | M71: 16.5 | Q71: 16.5 | U71: 16.5 | Y71: 16.5 | AC71: 16.5 | AG71: 16.5 | AK71: 16.5 | AO71: 16.5
A72: LAVADO | C72: 9.9 | E72: 9.9 | G72: 9.9 | I72: 9.9 | K72: 9.9 | M72: 9.9 | O72: 9.9 | Q72: 9.9 | S72: 9.9 | U72: 9.9 | W72: 9.9 | Y72: 9.9 | AA72: 9.9 | AC72: 9.9 | AE72: 9.9 | AG72: 9.9 | AI72: 9.9 | AK72: 9.9 | AM72: 9.9 | AO72: 9.9
A73: MANTENIMIENTO SISTEMA REFRIGERACION | Z73: 510
A74: OVERHAUL DE CAJA | AD74: 270
A75: OVERHAUL DE CABEZOTE | AJ75: 650
A76: TOTAL M/O | B76: =SUM(B68:B75) -> 20.79 | C76: =SUM(C68:C75) -> 180.18 | D76: =SUM(D68:D75) -> 15.18 | E76: =SUM(E68:E75) -> 205.59 | F76: =SUM(F68:F75) -> 15.18 | G76: =SUM(G68:G75) -> 199.98 | H76: =SUM(H68:H75) -> 15.18 | I76: =SUM(I68:I75) -> 240.9 | ... AO76: =SUM(AO68:AO75) -> 349.14 | AP76: =SUM(B76:AO76) -> 6104.45
A77: TOTAL MANTENIMIENTO X KM | B77: =+B55+B67+B76 -> 205.54 | C77: =+C55+C67+C76 -> 414.59 | D77: =+D55+D67+D76 -> 118.48 | E77: =+E55+E67+E76 -> 518.56 | F77: =+F55+F67+F76 -> 118.48 | G77: =+G55+G67+G76 -> 434.39 | H77: =+H55+H67+H76 -> 118.48 | I77: =+I55+I67+I76 -> 553.87 | ... AO77: =+AO55+AO67+AO76 -> 1152.99 | AP77: =SUM(B77:AO77) -> 17303.03

Sheet POER AC 2.0 CD 4X2 TM DIESE
A1: PLAN DE MANTENIMIENTO POER AC 2.0 CD 4X2 TM DIESEL
A2: GWM POER DIESEL | B2: 5.000 KM | C2: 10.000 KM | D2: 15.000 KM | E2: 20.000 KM | F2: 25.000 KM | G2: 30.000 KM | H2: 35.000 KM | I2: 40.000 KM | J2: 45.000 KM | K2: 50.000 KM | L2: 55.000 KM | M2: 60.000 KM | N2: 65.000 KM | O2: 70.000 KM | P2: 75.000 KM | Q2: 80.000 KM | R2: 85.000 KM | S2: 90.000 KM | T2: 95.000 KM | U2: 100.000 KM | V2: 105.000 KM | W2: 110.000 KM | X2: 115.000 KM | Y2: 120.000 KM | Z2: 125.000 KM | AA2: 130.000 KM | AB2: 135.000 KM | AC2: 140.000 KM | AD2: 145.000 KM | AE2: 150.000 KM | AF2: 155.000 KM | AG2: 160.000 KM | AH2: 165.000 KM | AI2: 170.000 KM | AJ2: 175.000 KM | AK2: 180.000 KM | AL2: 185.000 KM | AM2: 190.000 KM | AN2: 195.000 KM | AO2: 200.000 KM
A3: FILTRO DE ACEITE | B3: =11.84+2.5 -> 14.34 | C3: =11.84+2.5 -> 14.34 | D3: =11.84+2.5 -> 14.34 | E3: =11.84+2.5 -> 14.34 | F3: =11.84+2.5 -> 14.34 | G3: =11.84+2.5 -> 14.34 | H3: =11.84+2.5 -> 14.34 | I3: =11.84+2.5 -> 14.34 | ... AO3: =11.84+2.5 -> 14.34
A4: FILTRO DE COMBUSTIBLE | B4: =32.76+2.5 -> 35.26 | C4: =32.76+2.5 -> 35.26 | D4: =32.76+2.5 -> 35.26 | E4: =32.76+2.5 -> 35.26 | F4: =32.76+2.5 -> 35.26 | G4: =32.76+2.5 -> 35.26 | H4: =32.76+2.5 -> 35.26 | I4: =32.76+2.5 -> 35.26 | ... AO4: =32.76+2.5 -> 35.26
A5: FILTRO DE AIRE | C5: 20.99 | E5: 20.99 | G5: 20.99 | I5: 20.99 | K5: 20.99 | M5: 20.99 | O5: 20.99 | Q5: 20.99 | S5: 20.99 | U5: 20.99 | W5: 20.99 | Y5: 20.99 | AA5: 20.99 | AC5: 20.99 | AE5: 20.99 | AG5: 20.99 | AI5: 20.99 | AK5: 20.99 | AM5: 20.99 | AO5: 20.99
A6: PASTILLAS DE FRENO DEL | C6: 76.09 | E6: 76.09 | G6: 76.09 | I6: 76.09 | K6: 76.09 | M6: 76.09 | O6: 76.09 | Q6: 76.09 | S6: 76.09 | U6: 76.09 | W6: 76.09 | Y6: 76.09 | AA6: 76.09 | AC6: 76.09 | AE6: 76.09 | AG6: 76.09 | AI6: 76.09 | AK6: 76.09 | AM6: 76.09 | AO6: 76.09
A7: PASTILLAS DE FRENO POST | E7: 55.85 | I7: 55.85 | M7: 55.85 | Q7: 55.85 | U7: 55.85 | Y7: 55.85 | AC7: 55.85 | AG7: 55.85 | AK7: 55.85 | AO7: 55.85
A8: BANDA DE ACCESORIOS | Q8: 79.87 | AK8: 79.87
A9: FILTRO DE CABINA A/C | C9: 21.25 | E9: 21.25 | G9: 21.25 | I9: 21.25 | K9: 21.25 | M9: 21.25 | O9: 21.25 | Q9: 21.25 | S9: 21.25 | U9: 21.25 | W9: 21.25 | Y9: 21.25 | AA9: 21.25 | AC9: 21.25 | AE9: 21.25 | AG9: 21.25 | AI9: 21.25 | AK9: 21.25 | AM9: 21.25 | AO9: 21.25
A10: TERMOSTATO | K10: 12.71 | U10: 12.71 | AE10: 12.71 | AO10: 12.71
A11: BASE TERMOSTATO | K11: 11 | U11: 11 | AE11: 11 | AO11: 11
A12: TEMPLADOR BANDA DISTRIBUCION 4D20M | U12: 125.9 | AO12: 125.9
A13: RODAMIENTO BANDA DISTRIBUCION 4D20M | U13: 38 | AO13: 38
A14: BANDA DE DISTRIBUCION | U14: 88.84 | AO14: 88.84
A15: RODAMIENTO BANDA DISTRIBUCION | U15: 71.41 | AO15: 71.41
A16: ARANDELA DE TAPON DE CARTER | B16: 7.5 | C16: 7.5 | D16: 7.5 | E16: 7.5 | F16: 7.5 | G16: 7.5 | H16: 7.5 | I16: 7.5 | J16: 7.5 | K16: 7.5 | L16: 7.5 | M16: 7.5 | N16: 7.5 | O16: 7.5 | P16: 7.5 | Q16: 7.5 | R16: 7.5 | S16: 7.5 | T16: 7.5 | U16: 7.5 | V16: 7.5 | W16: 7.5 | X16: 7.5 | Y16: 7.5 | Z16: 7.5 | AA16: 7.5 | AB16: 7.5 | AC16: 7.5 | AD16: 7.5 | AE16: 7.5 | AF16: 7.5 | AG16: 7.5 | AH16: 7.5 | AI16: 7.5 | AJ16: 7.5 | AK16: 7.5 | AL16: 7.5 | AM16: 7.5 | AN16: 7.5 | AO16: 7.5
A17: TUBERIA ENTRADA RADIADOR POER | Z17: 25
A18: TUBERIA SALIDA RADIADOR POER | Z18: 71
A19: MANGUERA ENTRADA CALEFACTOR POER | Z19: 18
A20: MANGUERA SALIDA CALEFACTOR POER | Z20: 18
A21: BOMBA DE AGUA | Z21: 237.77
A22: EMPAQUE BOMBA DE AGUA | Z22: 5
A23: RODAMIENTO EJE DE ENTRADA | AD23: 48.62
A24: RODAMIENTO DE AGUJAS (H5-2.0TCI) | AD24: 6.95
A25: RODAMIENTO AGUJAS PIÑON 2DA | AD25: 9.65
A26: RODAMIENTO ENGRANAJE 1ERA | AD26: 13.37
A27: RODAM. CONTRA EJE DEL /31RUKSS2NRC3 | AD27: 53.36
A28: RODAMIENTO DE AGUJAS | AD28: 11.39
A29: RODAMIENTO AGUJAS PIÑON 4TA | AD29: 8.9
A30: RODAM. DE AGUJAS PIÑON DE REVERSA | AD30: 6.68
A31: RODAMIENTO | AD31: 32.61
A32: RODAMIENTO | AD32: 28.28
A33: ANILLO EXTERIOR COJINETE ESTAMPADO | AD33: 34.9
A34: ANILLO EXTERIOR COJINETE ESTAMPADO | AD34: 34.9
... A43: RODAMIENTO VOLANTE | AD43: 10
A44: EMPAQUE TAPA CABEZOTE 4D20M | AJ44: 52.5
A45: RETENEDOR ARBOL LEVAS MOT, 4D20 | AJ45: 8.12
A46: VALVULA DE ESCAPE 4D20M (8) | AJ46: 85.6
A47: VALVULA DE ADMISIÓN 4D20M (8) | AJ47: 76.08
A48: SELLO DE VALVULAS 4D20 - H6D (16) | AJ48: 48
A49: PERNO CABEZOTE 4D20M (10) | AJ49: 75
A50: EMPAQUE MULTIPLE DE ESCAPE 4D20M | AJ50: 8.69
A51: EMPAQUE MULTIPLE ADMISION POER | AJ51: 8.5
A52: EMPAQUE TURBO 4D20M | AJ52: 6
A53: EMPAQUE SALIDA VÁLVULA EGR | AJ53: 5
A54: PROPULSOR HIDRAULICO MOTOR 4D20 (16) | AJ54: 144
A55: TOTAL REPUESTOS | B55: =SUM(B3:B54) -> 57.1 | C55: =SUM(C3:C54) -> 175.43 | D55: =SUM(D3:D54) -> 57.1 | E55: =SUM(E3:E54) -> 231.28 | F55: =SUM(F3:F54) -> 57.1 | G55: =SUM(G3:G54) -> 175.43 | H55: =SUM(H3:H54) -> 57.1 | I55: =SUM(I3:I54) -> 231.28 | ... AO55: =SUM(AO3:AO54) -> 579.14 | AP55: =SUM(B55:AO55) -> 8178.91
A56: ACEITE MOTOR(6l) | B56: 46.2 | C56: 46.2 | D56: 46.2 | E56: 46.2 | F56: 46.2 | G56: 46.2 | H56: 46.2 | I56: 46.2 | J56: 46.2 | K56: 46.2 | L56: 46.2 | M56: 46.2 | N56: 46.2 | O56: 46.2 | P56: 46.2 | Q56: 46.2 | R56: 46.2 | S56: 46.2 | T56: 46.2 | U56: 46.2 | V56: 46.2 | W56: 46.2 | X56: 46.2 | Y56: 46.2 | Z56: 46.2 | AA56: 46.2 | AB56: 46.2 | AC56: 46.2 | AD56: 46.2 | AE56: 46.2 | AF56: 46.2 | AG56: 46.2 | AH56: 46.2 | AI56: 46.2 | AJ56: 46.2 | AK56: 46.2 | AL56: 46.2 | AM56: 46.2 | AN56: 46.2 | AO56: 46.2
A57: LIQUIDO INYECTORES | E57: 7.71 | I57: 7.71 | M57: 7.71 | Q57: 7.71 | U57: 7.71 | Y57: 7.71 | AC57: 7.71 | AG57: 7.71 | AK57: 7.71 | AO57: 7.71
A58: LIMPIADOR DE FRENOS | C58: 6.16 | E58: 6.16 | G58: 6.16 | I58: 6.16 | K58: 6.16 | M58: 6.16 | O58: 6.16 | Q58: 6.16 | S58: 6.16 | U58: 6.16 | W58: 6.16 | Y58: 6.16 | AA58: 6.16 | AC58: 6.16 | AE58: 6.16 | AG58: 6.16 | AI58: 6.16 | AK58: 6.16 | AM58: 6.16 | AO58: 6.16
A59: LIMPIADOR DE ADMISION | C59: 6.62 | E59: 6.62 | G59: 6.62 | I59: 6.62 | K59: 6.62 | M59: 6.62 | O59: 6.62 | Q59: 6.62 | S59: 6.62 | U59: 6.62 | W59: 6.62 | Y59: 6.62 | AA59: 6.62 | AC59: 6.62 | AE59: 6.62 | AG59: 6.62 | AI59: 6.62 | AK59: 6.62 | AM59: 6.62 | AO59: 6.62
A60: REFRIGERANTE(8l) | K60: 35.44 | U60: 35.44 | Z60: 35.44 | AE60: 35.44 | AO60: 35.44
A61: ACEITE DE CAJA 75W80(3l) | B61: 28.23 | K61: 28.23 | U61: 28.23 | AD61: 28.23 | AO61: 28.23
A62: ACEITE DE TRANSMISION 80W90 POST(3l) | B62: 26.61 | K62: 26.61 | U62: 26.61 | AE62: 26.61 | AO62: 26.61
A63: ACEITE DIRECCION HIDRAULICA(1L) | K63: 8.71 | U63: 8.71 | AE63: 8.71 | AO63: 8.71
A64: LIQUIDO DE FRENOS(2) | E64: 15 | I64: 15 | M64: 15 | Q64: 15 | U64: 15 | Y64: 15 | AC64: 15 | AG64: 15 | AK64: 15 | AO64: 15
A65: TOTAL LUBRICANTES | B65: =SUM(B56:B64) -> 101.04 | C65: =SUM(C56:C64) -> 58.98 | D65: =SUM(D56:D64) -> 46.2 | E65: =SUM(E56:E64) -> 81.69 | F65: =SUM(F56:F64) -> 46.2 | G65: =SUM(G56:G64) -> 58.98 | H65: =SUM(H56:H64) -> 46.2 | I65: =SUM(I56:I64) -> 81.69 | ... AO65: =SUM(AO56:AO64) -> 180.68 | AP65: =SUM(B65:AO65) -> 2816.94
A66: MANO DE OBRA | B66: 20.79 | C66: 137.28 | D66: 15.18 | E66: 146.19 | F66: 15.18 | G66: 157.08 | H66: 15.18 | I66: 181.5 | J66: 15.18 | K66: 150.81 | L66: 15.18 | M66: 163.35 | N66: 15.18 | O66: 128.04 | P66: 15.18 | Q66: 147.51 | R66: 15.18 | S66: 161.04 | T66: 15.18 | U66: 289.74 | V66: 15.18 | W66: 137.28 | X66: 15.18 | Y66: 163.35 | Z66: 15.18 | AA66: 157.08 | AB66: 15.18 | AC66: 181.5 | AD66: 15.18 | AE66: 150.81 | AF66: 15.18 | AG66: 163.35 | AH66: 15.18 | AI66: 128.04 | AJ66: 15.18 | AK66: 147.51 | AL66: 15.18 | AM66: 161.04 | AN66: 15.18 | AO66: 289.74
A67: ALINEACION | C67: 17.16 | E67: 17.16 | G67: 17.16 | I67: 17.16 | K67: 17.16 | M67: 17.16 | O67: 17.16 | Q67: 17.16 | S67: 17.16 | U67: 17.16 | W67: 17.16 | Y67: 17.16 | AA67: 17.16 | AC67: 17.16 | AE67: 17.16 | AG67: 17.16 | AI67: 17.16 | AK67: 17.16 | AM67: 17.16 | AO67: 17.16
A68: BALANCEO | C68: 15.84 | E68: 15.84 | G68: 15.84 | I68: 15.84 | K68: 15.84 | M68: 15.84 | O68: 15.84 | Q68: 15.84 | S68: 15.84 | U68: 15.84 | W68: 15.84 | Y68: 15.84 | AA68: 15.84 | AC68: 15.84 | AE68: 15.84 | AG68: 15.84 | AI68: 15.84 | AK68: 15.84 | AM68: 15.84 | AO68: 15.84
A69: LIMPIEZA DE INYECTORES | E69: 16.5 | I69: 16.5 | M69: 16.5 | Q69: 16.5 | U69: 16.5 | Y69: 16.5 | AC69: 16.5 | AG69: 16.5 | AK69: 16.5 | AO69: 16.5
A70: LAVADO | C70: 9.9 | E70: 9.9 | G70: 9.9 | I70: 9.9 | K70: 9.9 | M70: 9.9 | O70: 9.9 | Q70: 9.9 | S70: 9.9 | U70: 9.9 | W70: 9.9 | Y70: 9.9 | AA70: 9.9 | AC70: 9.9 | AE70: 9.9 | AG70: 9.9 | AI70: 9.9 | AK70: 9.9 | AM70: 9.9 | AO70: 9.9
A71: MANTENIMIENTO SISTEMA REFRIGERACION | Z71: 510
A72: OVERHAUL DE CAJA | AD72: 270
A73: OVERHAUL DE CABEZOTE | AJ73: 650
A74: TOTAL M/O | B74: =SUM(B66:B73) -> 20.79 | C74: =SUM(C66:C73) -> 180.18 | D74: =SUM(D66:D73) -> 15.18 | E74: =SUM(E66:E73) -> 205.59 | F74: =SUM(F66:F73) -> 15.18 | G74: =SUM(G66:G73) -> 199.98 | H74: =SUM(H66:H73) -> 15.18 | I74: =SUM(I66:I73) -> 240.9 | ... AO74: =SUM(AO66:AO73) -> 349.14 | AP74: =SUM(B74:AO74) -> 6104.45
A75: TOTAL MANTENIMIENTO X KM | B75: =+B55+B65+B74 -> 178.93 | C75: =+C55+C65+C74 -> 414.59 | D75: =+D55+D65+D74 -> 118.48 | E75: =+E55+E65+E74 -> 518.56 | F75: =+F55+F65+F74 -> 118.48 | G75: =+G55+G65+G74 -> 434.39 | H75: =+H55+H65+H74 -> 118.48 | I75: =+I55+I65+I74 -> 553.87 | ... AO75: =+AO55+AO65+AO74 -> 1108.96 | AP75: =SUM(B75:AO75) -> 17100.3

Sheet CRONOGRAMA MANT POER 4X4
A1: CRONOGRAMA DE MANTENIMIENTO POER AC 2.0 CD 4X4 TM DIESEL
A2: GWM POER DIESEL | B2: A/F | C2: 5.000 KM | D2: 10.000 KM | E2: 15.000 KM | F2: 20.000 KM | G2: 25.000 KM | H2: 30.000 KM | I2: 35.000 KM | J2: 40.000 KM | K2: 45.000 KM | L2: 50.000 KM | M2: 55.000 KM | N2: 60.000 KM | O2: 65.000 KM | P2: 70.000 KM | Q2: 75.000 KM | R2: 80.000 KM | S2: 85.000 KM | T2: 90.000 KM | U2: 95.000 KM | V2: 100.000 KM | W2: 105.000 KM | X2: 110.000 KM | Y2: 115.000 KM | Z2: 120.000 KM
A3: FILTRO DE ACEITE | B3: X | C3: 11.84 | D3: 11.84 | E3: 11.84 | F3: 11.84 | G3: 11.84 | H3: 11.84 | I3: 11.84 | J3: 11.84 | K3: 11.84 | L3: 11.84 | M3: 11.84 | N3: 11.84 | O3: 11.84 | P3: 11.84 | Q3: 11.84 | R3: 11.84 | S3: 11.84 | T3: 11.84 | U3: 11.84 | V3: 11.84 | W3: 11.84 | X3: 11.84 | Y3: 11.84 | Z3: 11.84
A4: FILTRO DE COMBUSTIBLE | B4: 32.76 | C4: 32.76 | D4: 32.76 | E4: 32.76 | F4: 32.76 | G4: 32.76 | H4: 32.76 | I4: 32.76 | J4: 32.76 | K4: 32.76 | L4: 32.76 | M4: 32.76 | N4: 32.76 | O4: 32.76 | P4: 32.76 | Q4: 32.76 | R4: 32.76 | S4: 32.76 | T4: 32.76 | U4: 32.76 | V4: 32.76 | W4: 32.76 | X4: 32.76 | Y4: 32.76 | Z4: 32.76
A5: FILTRO DE AIRE | D5: 20.99 | F5: 20.99 | H5: 20.99 | J5: 20.99 | L5: 20.99 | N5: 20.99 | P5: 20.99 | R5: 20.99 | T5: 20.99 | V5: 20.99 | X5: 20.99 | Z5: 20.99
A6: PASTILLAS DE FRENO DEL | F6: 76.09 | H6: 76.09 | J6: 76.09 | L6: 76.09 | N6: 76.09 | P6: 76.09 | R6: 76.09 | T6: 76.09 | V6: 76.09 | Z6: 76.09
A7: PASTILLAS DE FRENO POST | D7: 0 | F7: 55.85 | J7: 55.85 | N7: 55.85 | R7: 55.85 | V7: 55.85 | X7: 0 | Z7: 55.85
A8: TOTAL REPUESTOS | B8: =SUM(B3:B7) -> 32.76 | C8: =SUM(C3:C7) -> 44.6 | D8: =SUM(D3:D7) -> 65.59 | E8: =SUM(E3:E7) -> 44.6 | F8: =SUM(F3:F7) -> 197.53 | G8: =SUM(G3:G7) -> 44.6 | H8: =SUM(H3:H7) -> 141.68 | I8: =SUM(I3:I7) -> 44.6 | ... Z8: =SUM(Z3:Z7) -> 197.53
A9: ACEITE MOTOR | B9: 40.32 | C9: 40.32 | D9: 40.32 | E9: 40.32 | F9: 40.32 | G9: 40.32 | H9: 40.32 | I9: 40.32 | J9: 40.32 | K9: 40.32 | L9: 40.32 | M9: 40.32 | N9: 40.32 | O9: 40.32 | P9: 40.32 | Q9: 40.32 | R9: 40.32 | S9: 40.32 | T9: 40.32 | U9: 40.32 | V9: 40.32 | W9: 40.32 | X9: 40.32 | Y9: 40.32 | Z9: 40.32
A10: LIQUIDO INYECTORES | F10: 7.71 | J10: 7.71 | N10: 7.71 | R10: 7.71 | V10: 7.71 | Z10: 7.71
A11: LIMPIADOR DE FRENOS | D11: 6.16 | F11: 6.16 | H11: 6.16 | J11: 6.16 | L11: 6.16 | N11: 6.16 | P11: 6.16 | R11: 6.16 | T11: 6.16 | V11: 6.16 | X11: 6.16 | Z11: 6.16
A12: LIMPIADOR DE ADMISION | D12: 6.62 | F12: 6.62 | H12: 6.62 | J12: 6.62 | L12: 6.62 | N12: 6.62 | P12: 6.62 | R12: 6.62 | T12: 6.62 | V12: 6.62 | X12: 6.62 | Z12: 6.62
A13: REFRIGERANTE | L13: 17.73 | V13: 17.73
A14: ACEITE DE CAJA Y TRANS | C14: 54.81 | L14: 54.81 | V14: 54.81
A15: SUMINISTROS | B15: 3.5 | C15: 3.5 | D15: 3.5 | E15: 3.5 | F15: 3.5 | G15: 3.5 | H15: 3.5 | I15: 3.5 | J15: 3.5 | K15: 3.5 | L15: 3.5 | M15: 3.5 | N15: 3.5 | O15: 3.5 | P15: 3.5 | Q15: 3.5 | R15: 3.5 | S15: 3.5 | T15: 3.5 | U15: 3.5 | V15: 3.5 | W15: 3.5 | X15: 3.5 | Y15: 3.5 | Z15: 3.5
A16: LIQUIDO DE FRENOS | F16: 3.59 | J16: 3.59 | N16: 3.59 | R16: 3.59 | V16: 3.59 | Z16: 3.59
A17: TOTAL LUBRICANTES | B17: =SUM(B9:B16) -> 43.82 | C17: =SUM(C9:C16) -> 98.63 | D17: =SUM(D9:D16) -> 56.6 | E17: =SUM(E9:E16) -> 43.82 | F17: =SUM(F9:F16) -> 67.9 | G17: =SUM(G9:G16) -> 43.82 | H17: =SUM(H9:H16) -> 56.6 | I17: =SUM(I9:I16) -> 43.82 | ... Z17: =SUM(Z9:Z16) -> 67.9
A18: MANO DE OBRA | B18: 15.18 | C18: 20.79 | D18: 137.28 | E18: 15.18 | F18: 146.19 | G18: 15.18 | H18: 157.08 | I18: 15.18 | J18: 181.5 | K18: 15.18 | L18: 150.81 | M18: 15.18 | N18: 163.35 | O18: 15.18 | P18: 128.04 | Q18: 15.18 | R18: 147.51 | S18: 15.18 | T18: 161.04 | U18: 15.18 | V18: 289.74 | W18: 15.18 | X18: 137.28 | Y18: 15.18 | Z18: 163.35
A19: ALINEACION Y BALANCEO | B19: 0 | C19: 0 | D19: 17.16 | E19: 0 | F19: 17.16 | G19: 0 | H19: 17.16 | I19: 0 | J19: 17.16 | K19: 0 | L19: 17.16 | M19: 0 | N19: 17.16 | O19: 0 | P19: 17.16 | Q19: 0 | R19: 17.16 | S19: 0 | T19: 17.16 | U19: 0 | V19: 17.16 | W19: 0 | X19: 17.16 | Y19: 0 | Z19: 17.16
A20: BALANCEO | D20: 15.84 | F20: 15.84 | H20: 15.84 | J20: 15.84 | L20: 15.84 | N20: 15.84 | P20: 15.84 | R20: 15.84 | T20: 15.84 | V20: 15.84 | X20: 15.84 | Z20: 15.84
A21: LIMPIEZA DE INYECTORES | B21: 0 | C21: 0 | D21: 0 | E21: 0 | F21: 16.5 | G21: 0 | H21: 0 | I21: 0 | J21: 16.5 | K21: 0 | L21: 0 | M21: 0 | N21: 16.5 | O21: 0 | P21: 0 | Q21: 0 | R21: 16.5 | S21: 0 | T21: 0 | U21: 0 | V21: 16.5 | W21: 0 | X21: 0 | Y21: 0 | Z21: 16.5
A22: LAVADO | D22: 9.9 | F22: 9.9 | H22: 9.9 | J22: 9.9 | L22: 9.9 | N22: 9.9 | P22: 9.9 | R22: 9.9 | T22: 9.9 | V22: 9.9 | X22: 9.9 | Z22: 9.9
A23: TOTAL M/O | B23: =SUM(B18:B22) -> 15.18 | C23: =SUM(C18:C22) -> 20.79 | D23: =SUM(D18:D22) -> 180.18 | E23: =SUM(E18:E22) -> 15.18 | F23: =SUM(F18:F22) -> 205.59 | G23: =SUM(G18:G22) -> 15.18 | H23: =SUM(H18:H22) -> 199.98 | I23: =SUM(I18:I22) -> 15.18 | ... Z23: =SUM(Z18:Z22) -> 222.75
A24: TOTAL MANTENIMIENTO X KM | B24: =+B8+B17+B23 -> 91.76 | C24: =+C8+C17+C23 -> 164.02 | D24: =+D8+D17+D23 -> 302.37 | E24: =+E8+E17+E23 -> 103.6 | F24: =+F8+F17+F23 -> 471.02 | G24: =+G8+G17+G23 -> 103.6 | H24: =+H8+H17+H23 -> 398.26 | I24: =+I8+I17+I23 -> 103.6 | ... Z24: =+Z8+Z17+Z23 -> 488.18

Sheet CONSOLIDADO DE VALORES
B2: COSTOS MANTENIMIENTO POER 4X4 | G2: CANTIDAD DE VEHICULOS
B3: 1 | C3: Total Repuestos | D3: Mantenimiento preventivo | E3: ='POER AC 2.0 CD 4X4 TM DIESEL'!AP55*G3 -> 8178.91 | G3: 1
B4: 2 | C4: Total Lubricantes | E4: ='POER AC 2.0 CD 4X4 TM DIESEL'!AP67*G3 -> 3019.67
B5: 3 | C5: Total Mano de Obra | E5: ='POER AC 2.0 CD 4X4 TM DIESEL'!AP76*G3 -> 6104.45
B6: 4 | C6: Mantenimiento correctivo | D6: Se considera un valor aproximado del 30% del costo total de mantenimientos preventivos | E6: =(E3+E4+E5)*0.3 -> 5190.909
B7: Total 1 + 2 + 3 + 4 | E7: =SUM(E3:E6) -> 22493.939
B8: Costos no incluyen IVA
B11: COSTOS MANTENIMIENTO POER 4X2 | G11: CANTIDAD DE VEHICULOS
B12: 1 | C12: Total Repuestos | D12: Mantenimiento preventivo | E12: ='POER AC 2.0 CD 4X2 TM DIESE'!AP55*G12 -> 8178.91 | G12: 1
B13: 2 | C13: Total Lubricantes | E13: ='POER AC 2.0 CD 4X2 TM DIESE'!AP65*G12 -> 2816.94
B14: 3 | C14: Total Mano de Obra | E14: ='POER AC 2.0 CD 4X2 TM DIESE'!AP74*G12 -> 6104.45
B15: 4 | C15: Mantenimiento correctivo | D15: Se considera un valor aproximado del 30% del costo total de mantenimientos preventivos | E15: =(E12+E13+E14)*0.3 -> 5130.09
B16: Total 1 + 2 + 3 + 4 | E16: =SUM(E12:E15) -> 22230.39
B17: Costos no incluyen IVA

Sheet REF MANT CORRECTIVO
A1: MARCA | B1: GWM
A2: MODELO | B2: POER 2.0 AC | C2: MANTENIMIENTOS CORRECTIVOS
A3: ITEM | B3: DESCRIPCION | C3: TOTAL REPUESTOS | D3: Total M/O | E3: TOTAL LUBRICANTES | F3: SUBTOTAL
A4: 1 | B4: BOMBA DE COMBUSTIBLE ALTA PRESION | C4: =G4*1.1 -> 1172.952 | D4: 264 | F4: =C4+D4+E4 -> 1436.952 | G4: 1066.32 | H4: 72.6 | J4: 0.15
A5: 2 | B5: TURBO | C5: 966 | D5: =34*8 -> 272 | F5: =C5+D5+E5 -> 1238
A6: 3 | B6: BOMBA AGUA | C6: =G6*1.1 -> 237.765 | D6: 165 | E6: 35.44 | F6: =C6+D6+E6 -> 438.205 | G6: 216.15 | H6: 57.75
A7: 4 | B7: BOMBA DIRECCION HIDRAULICA | C7: =G7*1.1 -> 300.465 | D7: 132 | E7: =8.71*2 -> 17.42 | F7: =C7+D7+E7 -> 449.885 | G7: 273.15 | H7: 67.65
A8: 5 | B8: AMORTIGUADORE DELANTERO (1) | C8: =G8*1.1 -> 187.396 | D8: 49.5 | F8: =C8+D8+E8 -> 236.896 | G8: 170.36 | H8: 79.2
A9: 6 | B9: AMORTIGUADOR POSTERIOR (1) | C9: =G9*1.1 -> 125.411 | D9: 49.5 | F9: =C9+D9+E9 -> 174.911 | G9: 114.01 | H9: 56.1
A10: 7 | B10: DISCO Y PLATO EMBRAGUE | C10: 350 | D10: 165 | F10: =+C10+D10+E10+C11+C12 -> 575
A11: 8 | B11: RODAMIENTO EMBRAGUE | C11: 50
A12: 9 | B12: RODAMIENTO VOLANTE | C12: 10
A13: 10 | B13: RODAMIENTO MANZANA RUEDA DELT POER (1) | C13: 100 | D13: 68 | F13: =C13+D13+E13 -> 168 | G13: 81.47 | H13: 61.05
A14: 11 | B14: DISCO DE FRENO DELANTERO (1) | C14: 135 | D14: 49.5 | F14: =C14+D14+E14 -> 184.5 | G14: 128.79 | H14: 16.5
A15: 12 | B15: DISCO DE FRENO POSTERIOR (1) | C15: 120 | D15: 49.5 | F15: =C15+D15+E15 -> 169.5 | G15: 94.12 | H15: 16.5
A16: 13 | B16: BUJES DEL COLGANTE DEL PAQUETE POSTERIOR (8) | C16: 30 | D16: 82.5 | F16: =C16+D16+E16 -> 112.5 | G16: 189.85 | H16: 41.25
A17: 14 | B17: PAQUETE POSTERIOR | C17: 230.24 | D17: 115.5 | F17: =C17+D17+E17 -> 345.74
A18: 15 | B18: EJE CARDAN COMPLETO | C18: 385.5 | D18: 66 | F18: =C18+D18+E18 -> 451.5 | G18: 35 | H18: 66
A19: 16 | B19: CRUCETA CARDAN POER BJXPJ | C19: 30 | D19: 68 | F19: =C19+D19+E19 -> 98
A20: 17 | B20: BOMBA DE FRENO | C20: =G20*1.1 -> 199.496 | D20: 165 | E20: 15 | F20: =C20+D20+E20 -> 379.496 | G20: 181.36 | H20: 41.25
A21: 18 | B21: BOMBA DE EMBRAGUE (PRINCIPAL) | C21: 75 | D21: 66 | E21: 15 | F21: =C21+D21+E21 -> 156 | G21: 58.05 | H21: 61.05
A22: 19 | B22: INYECTORES | C22: =G22*1.1 -> 352.781 | D22: 49.5 | F22: =C22+D22+E22 -> 402.281 | G22: 320.71 | H22: 41.25
A23: 20 | B23: CREMALLERA DE DIRECCION | C23: 650.53 | D23: 132 | E23: =8.71*2 -> 17.42 | F23: =C23+D23+E23 -> 799.95 | G23: 544.66 | H23: 74.25 | I23: 14.85
A24: 21 | B24: TERMINAL DE LA DIRECCIÓN RH | C24: 70 | D24: 66 | F24: =C24+D24+E24 -> 136
A25: 22 | B25: TERMINAL DE LA CIRECCIÓN LH | C25: 70 | D25: 66 | F25: =C25+D25+E25 -> 136
A26: 23 | B26: MESA SUPERIOR | C26: 190.41 | D26: 66 | F26: =C26+D26+E26 -> 256.41
A27: 24 | B27: MESA INFERIOR | C27: 394.61 | D27: 66 | F27: =C27+D27+E27 -> 460.61
A28: 25 | B28: COMPRESOR A/C | C28: 488 | D28: 99 | F28: =C28+D28+E28 -> 587 | G28: 413.24 | H28: 49.5
A29: 26 | B29: BANDA DE SERVICIO | C29: =G29*1.1 -> 37.686 | D29: 16.5 | F29: =C29+D29+E29 -> 54.186 | G29: 34.26 | H29: 14.85
A30: 27 | B30: SENSOR TPMS | C30: 62 | D30: 33 | F30: =C30+D30+E30 -> 95 | G30: 52.84 | H30: 26.4
A31: 28 | B31: PLUMAS LH(LIMPIAPRABRISAS) | C31: 81.99 | D31: 8.5 | F31: =+C31+D31+E31 -> 90.49
A32: 29 | B32: PLUMAS RH(LIMPIAPRABRISAS)
A33: 30 | B33: PASTILLAS DE FRENO DEL | C33: 76.09 | D33: 42.5 | F33: =SUM(C33:E33) -> 118.59
A34: 31 | B34: PASTILLAS DE FRENO POST | C34: 55.85 | D34: 42.5 | F34: =SUM(C34:E34) -> 98.35
A35: 32 | B35: FOCOS 1 CONTACTO | C35: 1.25 | D35: 6.6 | F35: =SUM(C35:E35) -> 7.85 | G35: 12 | H35: 6.6
A36: 33 | B36: FOCOS 2 CONTACTOS | C36: 1.3 | D36: 6.6 | F36: =SUM(C36:E36) -> 7.9
A37: 34 | B37: FOCO HALÓGENO | C37: 12 | D37: 6.6 | F37: =SUM(C37:E37) -> 18.6
A38: 35 | B38: BATERIA | C38: 180 | D38: 10 | F38: =SUM(C38:E38) -> 190
A39: 36 | B39: ENLLANTAJE C/U | C39: 0 | D39: 6.5 | F39: =SUM(C39:E39) -> 6.5
A40: 37 | B40: PARCHE NEUMÁTICO C/U | C40: 0 | D40: 15 | F40: =SUM(C40:E40) -> 15
A41: 38 | B41: TAPA DE BALDE | C41: 620 | D41: 34 | F41: =SUM(C41:E41) -> 654
A42: 39 | B42: RECTIFICACIÓN DISCOS DEL | C42: 0 | D42: 26 | F42: =SUM(C42:E42) -> 26
A43: 40 | B43: RECTIFICACIÓN DISCOS POST | C43: 0 | D43: 26 | F43: =SUM(C43:E43) -> 26
A44: 41 | B44: JGO. MOQUETAS | C44: 90 | D44: 0 | E44: 0 | F44: =SUM(C44:E44) -> 90
A45: 42 | B45: ALINEACIÓN | C45: 0 | D45: 17.16 | F45: =SUM(C45:E45) -> 17.16
A46: 43 | B46: BALANCEO | C46: 0 | D46: 15.84 | F46: =SUM(C46:E46) -> 15.84
A47: 44 | B47: BARRA ESTABILIZADORA | C47: 230 | D47: 68 | F47: =SUM(C47:E47) -> 298
A48: 45 | B48: RADIADOR POER | C48: 270 | D48: 68 | E48: 35.44 | F48: =SUM(C48:E48) -> 373.44
A49: 46 | B49: REPARACION TAPICERIA ASIENTO DELANTERO | D49: 98 | F49: =SUM(C49:E49) -> 98
A50: 47 | B50: REPARACION TAPICERIA ASIENTO POSTERIOR | D50: 297 | F50: =SUM(C50:E50) -> 297
A51: 48 | B51: RELE | C51: 15 | D51: 3.2 | F51: =SUM(C51:E51) -> 18.2
A52: 49 | B52: FUSIBLE | C52: 1.25 | D52: 3.2 | F52: =SUM(C52:E52) -> 4.45
A53: 50 | B53: CAMISAS CILINDRO | C53: 200 | D53: 1060 | E53: 100 | F53: =SUM(C53:E60) -> 3194.15
B54: PISTONES | C54: 420
B55: KIT DE RINES | C55: 520
B56: CHAQUETAS DE BANCADA | C56: 250
B57: CHAQUETAS DE BIELA | C57: 120
B58: KIT DE EMPAQUES | C58: 180
B59: MEDIA LUNA | C59: 20
B60: KIT DISTRIBUCION | C60: 324.15
A61: 51 | B61: CONJUNTO DIFERENCIAL POST POER 39/10 | C61: 950 | D61: =34*3 -> 102 | E61: 26.61 | F61: =+C61+D61+E61 -> 1078.61
A62: 52 | B62: MORDAZA DEL RH | C62: 196 | D62: 51 | E62: 15 | F62: =+C62+D62+E62 -> 262
A63: 53 | B63: MORDAZA DEL LH | C63: 196 | D63: 51 | E63: 15 | F63: =+C63+D63+E63 -> 262
A64: 54 | B64: MORDAZA POST RH | C64: 300 | D64: 51 | E64: 15 | F64: =+C64+D64+E64 -> 366
A65: 55 | B65: MORDAZA POST LH | C65: 300 | D65: 51 | E65: 15 | F65: =+C65+D65+E65 -> 366
A66: 56 | B66: MANTENIMIENTO A/C | C66: 60 | D66: 20 | F66: =+C66+D66+E66 -> 80
A67: 57 | B67: TEMPLADOR LH BARRA ESTABILIZA DEL POER | C67: 35 | D67: 34 | F67: =+C67+D67+E67 -> 69
A68: 58 | B68: TEMPLADOR RH BARRA ESTABILIZA DEL POER | C68: 35 | D68: 34 | F68: =+C68+D68+E68 -> 69
A69: 59 | B69: BUJE BARRA ESTABILIZADORA DEL POER | C69: 6 | D69: 34 | F69: =+C69+D69+E69 -> 40
A70: 60 | B70: EMPAQUE TURBO COMPRESOR POER | C70: 5 | D70: 68 | F70: =+C70+D70+E70 -> 73
A71: 61 | B71: VALVULA EGR 4D20M | C71: 350 | D71: 102 | F71: =+C71+D71+E71 -> 452
